crisis,sector_code,sector_name,pre_year,trough_year,revenue_pre,revenue_trough,revenue_growth_pct,net_profit_pre,net_profit_trough,np_growth_pct,roe_pre,roe_trough,roe_change_pp,cashflow_pre,cashflow_trough,cashflow_change,resistance_ratio_pct,recovery_years
2008金融危机,A,农林牧渔,2007,2008,56042331513.340004,47413932766.78,-15.4,2199656672.05,1039535390.69,-52.74,6.86,3.05,-3.81,1829467159.8200002,3084807324.55,1255340164.73,57.14,3.0
2008金融危机,B,采矿业,2007,2008,2313374522559.8604,2933354410067.44,26.8,250595346312.53003,232358422310.54,-7.28,18.7,14.24,-4.47,402224651161.64,358641585408.74,-43583065752.900024,93.94,1.0
2008金融危机,C,制造业,2007,2008,3712925861353.75,4337016208682.03,16.81,224132613986.26,134760716408.92,-39.87,12.49,6.75,-5.74,219110180509.26,295249065813.99,76138885304.72998,67.63,1.0
2008金融危机,D,电力热力燃气水,2007,2008,283650428338.6,339580055327.28,19.72,37248510888.649994,-1571330692.4100008,-104.22,10.55,-0.49,-11.04,69427966158.88,50249681421.03,-19178284737.850006,67.19,1.0
2008金融危机,E,建筑业,2007,2008,492958095155.82996,626799497714.99,27.15,11348723965.0,9194222553.25,-18.98,10.12,5.7,-4.42,16342021616.56,18468869020.649998,2126847404.0899982,70.27,1.0
2008金融危机,F,批发零售,2007,2008,529076857484.1,634948951115.25,20.01,15929161913.719997,14841235607.14,-6.83,13.72,10.63,-3.09,21087081005.559998,25235448898.28,4148367892.720001,73.68,1.0
2008金融危机,G,交运仓储,2007,2008,482083526387.23,527654384851.83,9.45,71855620721.8,22061983957.36,-69.3,16.2,5.03,-11.18,109542966059.21,98451644091.83,-11091321967.380005,65.33,2.0
2008金融危机,H,住宿餐饮,2007,2008,6369776050.33,6764984551.459999,6.2,1343935135.8400002,1103685366.5900002,-17.88,8.81,9.51,0.7,1400171757.81,1115360887.1399999,-284810870.6700001,54.55,1.0
2008金融危机,I,信息软件,2007,2008,164674849957.52002,222544946705.86996,35.14,15361331430.300003,40596147325.61,164.27,10.95,15.17,4.23,38105910759.240005,66870324152.52,28764413393.27999,63.79,1.0
2008金融危机,J,金融业,2007,2008,162809506.77,197060942.26999998,21.04,366988659691.73,401648668001.91,9.44,15.62,15.96,0.35,1179455697489.1099,1758063168142.12,578607470653.0103,3.7,1.0
2008金融危机,K,房地产业,2007,2008,186698825208.0,230727404111.86,23.58,30147198383.07,32261351196.54,7.01,12.39,10.25,-2.14,-46348314596.19,-41196218958.72,5152095637.470001,46.34,1.0
2008金融危机,L,租赁商务,2007,2008,17236495235.32,17900418357.88,3.85,1774682500.63,2471486374.84,39.26,6.85,8.45,1.61,3245678704.94,2459424951.38,-786253753.56,55.0,1.0
2008金融危机,M,科研技术,2007,2008,2485389891.8,3407917782.9,37.12,147333969.42000002,169087797.60999998,14.76,11.52,11.99,0.47,440425627.4,84380413.57000001,-356045213.83,100.0,1.0
2008金融危机,N,水利环境,2007,2008,30241646600.18,29650955110.61,-1.95,4374216390.74,3645424797.39,-16.66,9.68,7.7,-1.98,5847162247.969999,6439458054.16,592295806.1900005,50.0,3.0
2008金融危机,O,居民服务,2007,2008,9628647258.279999,11976791770.51,24.39,898138692.41,839906593.52,-6.48,13.11,10.5,-2.6,1661985726.52,-57796833.69999993,-1719782560.2199998,42.86,1.0
2008金融危机,P,教育,2007,2008,,,,,,,,,,,,,,
2008金融危机,Q,卫生,2007,2008,91392829.29,139130768.94,52.23,10151466.17,14663725.45,44.45,5.84,7.65,1.82,91704329.93,12512948.35,-79191381.58000001,100.0,1.0
2008金融危机,R,文体娱乐,2007,2008,5332134854.200001,7262708511.54,36.21,399476038.21000004,257237728.29000002,-35.61,6.62,3.53,-3.09,1267917336.17,1362522089.4699998,94604753.29999971,80.0,1.0
2008金融危机,S,综合,2007,2008,93692795053.28,96347891191.31,2.83,7462462950.889999,2308865156.76,-69.06,8.9,2.65,-6.25,2701911215.71,2878456761.03,176545545.32000017,57.58,2.0
2015股灾,A,农林牧渔,2014,2015,61225866095.36,118144274729.73,92.96,947862836.8300002,7215619351.679999,661.25,1.32,6.45,5.13,6082877052.46,15301491211.850002,9218614159.390003,61.9,1.0
2015股灾,B,采矿业,2014,2015,6096282783137.27,4651774042391.13,-23.69,243160924040.03998,101254480377.54999,-58.36,8.11,3.17,-4.94,633809290346.31,533412614899.99,-100396675446.32007,29.58,3.0
2015股灾,C,制造业,2014,2015,9854114230874.55,9849008015312.48,-0.05,458963055370.49,424716888000.56006,-7.46,7.72,6.1,-1.63,718817910923.76,871869487692.52,153051576768.76,56.5,1.0
2015股灾,D,电力热力燃气水,2014,2015,816526871742.1399,844331499895.34,3.41,109367792284.7,133195313050.17001,21.79,12.57,12.24,-0.33,258891615813.35,315945764023.73,57054148210.379974,51.69,1.0
2015股灾,E,建筑业,2014,2015,3401117454494.41,3615473891653.29,6.3,102100095908.23,110775871898.06999,8.5,11.57,9.97,-1.6,77403874212.26999,203554440552.87,126150566340.6,56.92,1.0
2015股灾,F,批发零售,2014,2015,2056977881008.5098,2328658136012.95,13.21,38571561160.74,31369706219.86,-18.67,7.57,5.21,-2.36,10576783829.52,56194807482.159996,45618023652.64,53.33,1.0
2015股灾,G,交运仓储,2014,2015,886493986593.15,877649128884.99,-1.0,81269044834.98,88222974208.59,8.56,8.74,8.47,-0.27,158583192418.2,214897192406.13,56313999987.92999,58.7,1.0
2015股灾,H,住宿餐饮,2014,2015,12472118581.99,22605603603.72,81.25,-23040592.389999866,1893574904.2,8318.43,-0.09,6.56,6.65,1772237262.6799998,3745890361.6699996,1973653098.9899998,53.85,1.0
2015股灾,I,信息软件,2014,2015,481546216487.07996,553044790736.58,14.85,33206059622.96,42304661142.66,27.4,7.21,7.14,-0.07,118149098567.3,122109325572.81999,3960227005.519989,80.69,1.0
2015股灾,J,金融业,2014,2015,3223986865.2999997,6130253647.77,90.15,1420035988895.5698,1587609081077.3699,11.8,16.16,14.87,-1.29,3004912350892.7,6153881837734.66,3148969486841.96,4.44,1.0
2015股灾,K,房地产业,2014,2015,879288719496.11,1212723210357.78,37.92,104273512455.59001,122710276418.31999,17.68,11.06,10.16,-0.9,-76535271631.78,4493488143.529991,81028759775.31,61.27,1.0
2015股灾,L,租赁商务,2014,2015,184174100026.58,253809633396.55,37.81,8214359069.709999,9794332888.710001,19.23,9.02,7.41,-1.61,1528240379.6099997,19235601990.170002,17707361610.56,70.83,1.0
2015股灾,M,科研技术,2014,2015,26142662683.08,31197272440.239998,19.33,2600950698.86,3036761737.58,16.76,10.74,10.1,-0.63,2156319225.77,1916666826.0500002,-239652399.7199998,55.56,1.0
2015股灾,N,水利环境,2014,2015,66577003405.71999,70744346004.67,6.26,11456085699.88,11398089124.83,-0.51,12.01,10.32,-1.68,1283321625.4900002,4142093225.1099997,2858771599.6199994,74.19,1.0
2015股灾,O,居民服务,2014,2015,,,,,,,,,,,,,,
2015股灾,P,教育,2014,2015,1165602169.47,1165203304.99,-0.03,52530469.79,20726278.47,-60.54,5.64,2.29,-3.35,197142452.54,250705269.66,53562817.120000005,0.0,1.0
2015股灾,Q,卫生,2014,2015,4945499730.29,8845541527.08,78.86,690965919.19,1201405776.26,73.87,15.69,13.93,-1.77,744077258.28,1359571800.74,615494542.46,100.0,1.0
2015股灾,R,文体娱乐,2014,2015,83899587372.35,117092199911.20001,39.56,12075259236.529999,16367542299.66,35.55,11.6,10.13,-1.47,12942623387.82,15626529069.630001,2683905681.8100014,82.14,1.0
2015股灾,S,综合,2014,2015,30892058907.739998,34781521277.47,12.59,3039474318.5299997,302429075.81,-90.05,6.99,0.51,-6.47,1564773287.34,1883927470.1300004,319154182.79000044,31.82,1.0
2018去杠杆,A,农林牧渔,2017,2018,159780046458.96,158514562865.31,-0.79,11465472770.77,7392597975.12,-35.52,7.66,5.08,-2.59,13510217310.86,17508543088.59,3998325777.7299995,63.64,1.0
2018去杠杆,B,采矿业,2017,2018,5681749297746.98,6730336890768.03,18.46,218521758907.27,283025901885.89996,29.52,6.32,7.8,1.47,802527071024.1599,805785109677.8301,3258038653.670166,70.27,1.0
2018去杠杆,C,制造业,2017,2018,14149999341715.361,16398317260518.459,15.89,961985084825.03,911570325442.0701,-5.24,9.77,8.37,-1.4,954496933930.73,1385093956811.81,430597022881.0801,76.59,1.0
2018去杠杆,D,电力热力燃气水,2017,2018,1053139221538.57,1203232847152.81,14.25,84457459608.06,94797519131.58,12.24,6.22,6.5,0.28,258071601535.32,298890308984.48,40818707449.15997,81.08,1.0
2018去杠杆,E,建筑业,2017,2018,4335118253225.47,4783626139122.21,10.35,149949767650.66,162521798314.31,8.38,9.63,8.94,-0.69,85509892263.59,95008168751.89,9498276488.300003,77.89,1.0
2018去杠杆,F,批发零售,2017,2018,3928633184218.33,4364515162890.45,11.1,73929584247.37,76250602011.89,3.14,7.48,7.13,-0.35,170942359.1000023,68073343163.33,67902400804.229996,67.86,1.0
2018去杠杆,G,交运仓储,2017,2018,1245921951105.52,1550589945258.57,24.45,134948683914.32999,121534569774.43,-9.94,9.6,7.15,-2.44,252948152541.3,267723484672.53,14775332131.230011,79.81,1.0
2018去杠杆,H,住宿餐饮,2017,2018,46482200703.3,49419422670.4,6.32,3015553047.74,3082998223.16,2.24,6.42,6.74,0.32,9785022391.17,9655692570.11,-129329821.05999947,72.73,1.0
2018去杠杆,I,信息软件,2017,2018,856312309740.01,978709875074.85,14.29,40038191349.799995,6609315392.42,-83.49,3.83,0.61,-3.23,129215866798.7,147266168422.77002,18050301624.070023,70.96,1.0
2018去杠杆,J,金融业,2017,2018,23139173243.36,26090026648.49,12.75,1698191387902.4302,1774343601076.32,4.48,12.15,11.16,-0.98,792258221935.3301,1298995562971.9,506737341036.5698,7.5,1.0
2018去杠杆,K,房地产业,2017,2018,1701105269818.24,2111371332382.28,24.12,212264307068.59998,266979725699.22998,25.78,12.11,12.73,0.61,48877715047.240005,242801746536.38,193924031489.14,59.4,1.0
2018去杠杆,L,租赁商务,2017,2018,574494723738.81,658837594115.61,14.68,25511756058.54,7562403807.91,-70.36,9.16,2.47,-6.69,35709096146.409996,42014612665.520004,6305516519.110008,68.0,1.0
2018去杠杆,M,科研技术,2017,2018,54595957169.45,88976336332.93,62.97,5164294413.12,6443813062.41,24.78,8.0,6.41,-1.59,4235303085.6099997,5977292741.709999,1741989656.0999994,89.8,1.0
2018去杠杆,N,水利环境,2017,2018,120092644042.34001,113610817515.26,-5.4,20293784959.920002,10451239646.369999,-48.5,10.86,6.69,-4.17,-2178707377.409999,6778971676.75,8957679054.16,65.22,1.0
2018去杠杆,O,居民服务,2017,2018,675123540.03,630556651.24,-6.6,39635195.46,27028850.55,-31.81,19.55,6.71,-12.84,45947783.94,50381172.15,4433388.210000001,0.0,3.0
2018去杠杆,P,教育,2017,2018,5708242181.36,6039174975.71,5.8,349406864.40999997,-85240186.93,-124.4,9.02,-2.47,-11.5,1027161223.8199999,131714036.52999997,-895447187.29,66.67,1.0
2018去杠杆,Q,卫生,2017,2018,26923926394.46,37161126015.92,38.02,2348842659.2200003,6340268001.35,169.93,8.1,16.63,8.52,3734818230.82,4492355568.97,757537338.1500001,100.0,1.0
2018去杠杆,R,文体娱乐,2017,2018,187161713298.22998,201583258051.93,7.71,26371055110.870003,1214064014.9899998,-95.4,9.56,0.44,-9.12,19384391167.05,21393382761.129997,2008991594.079998,53.57,1.0
2018去杠杆,S,综合,2017,2018,43292700557.380005,43520171720.130005,0.53,2261867672.1400003,351366590.7600002,-84.47,2.44,0.41,-2.04,3033918395.8199997,8599052996.3,5565134600.48,54.55,1.0
2020疫情,A,农林牧渔,2019,2020,197271850256.41,235384092212.94,19.32,30924338086.28,41026702377.270004,32.67,17.23,18.67,1.44,46119157441.62,42846547269.71,-3272610171.9100037,48.89,1.0
2020疫情,B,采矿业,2019,2020,7215005059588.811,5868140732610.34,-18.67,275463025975.15,198362799420.15,-27.99,7.3,5.27,-2.02,758947955446.28,767029912461.54,8081957015.26001,42.11,1.0
2020疫情,C,制造业,2019,2020,17586431553024.02,19737208563759.99,12.23,820262546524.78,1221547466511.35,48.92,6.89,8.62,1.73,1748247327131.9897,2037117680315.63,288870353183.64014,62.33,1.0
2020疫情,D,电力热力燃气水,2019,2020,1414279051949.83,1451584780272.24,2.64,123062119016.84,164384933136.8,33.58,6.84,8.01,1.17,385924542832.69995,432844429981.75,46919887149.05005,54.95,1.0
2020疫情,E,建筑业,2019,2020,5530700733198.43,6393574932779.05,15.6,188061444910.46,201446046306.65002,7.12,8.8,7.98,-0.82,88995343349.35,215598039853.85,126602696504.5,54.55,1.0
2020疫情,F,批发零售,2019,2020,4670972672991.54,4874417306787.21,4.36,82568538754.59,36340700248.92,-55.99,7.18,3.09,-4.09,102647540020.64,154657226065.71002,52009686045.07002,44.19,1.0
2020疫情,G,交运仓储,2019,2020,1724554038071.3599,1488218835687.54,-13.7,160676385581.63,-67174117872.58,-141.81,8.06,-3.41,-11.47,344762129014.81,230096720774.06,-114665408240.75,41.96,1.0
2020疫情,H,住宿餐饮,2019,2020,50992356661.89,31403355008.26,-38.42,3843970418.58,-944724238.61,-124.58,8.04,-2.03,-10.07,7884098877.93,522636257.89,-7361462620.04,9.09,3.0
2020疫情,I,信息软件,2019,2020,1109911414158.3599,1148143071955.38,3.44,15167824835.180002,45779316207.26,201.82,1.3,3.43,2.13,174415566754.25,201587198320.84,27171631566.589996,59.43,1.0
2020疫情,J,金融业,2019,2020,45305037003.46,72879419929.20999,60.86,2135145084982.16,2148067874054.6401,0.61,11.11,9.91,-1.2,1825869904296.91,4639159405706.0205,2813289501409.1104,12.73,1.0
2020疫情,K,房地产业,2019,2020,2509406268222.46,2777502576826.79,10.68,304076228618.12,268274122356.29,-11.77,12.05,9.44,-2.6,256852837811.35,302627427930.2,45774590118.850006,51.94,3.0
2020疫情,L,租赁商务,2019,2020,656090905187.98,708865711847.72,8.04,10909415873.300001,9506595725.53,-12.86,3.34,2.93,-0.41,48298699782.1,47110993549.63,-1187706232.4700012,36.21,1.0
2020疫情,M,科研技术,2019,2020,114203044651.54001,121980368770.18,6.81,10925898116.36,14597457761.36,33.6,8.89,9.41,0.52,12240906487.01,23120404601.940002,10879498114.930002,68.52,1.0
2020疫情,N,水利环境,2019,2020,155699483477.82,199397054051.14,28.07,13041780946.4,13741274352.34,5.36,6.4,4.88,-1.52,23969651701.83,21036660370.99,-2932991330.84,47.46,1.0
2020疫情,O,居民服务,2019,2020,353384194.29,488918503.86,38.35,-92950034.98,-87497124.21,5.87,-34.3,-47.62,-13.32,-52761828.96,-88827244.71,-36065415.74999999,100.0,3.0
2020疫情,P,教育,2019,2020,18686646476.649998,18559647867.73,-0.68,1609216694.4,806688712.3199999,-49.87,10.97,5.29,-5.67,3517240842.65,5276770733.37,1759529890.7199998,25.0,3.0
2020疫情,Q,卫生,2019,2020,42479440324.670006,49449745292.520004,16.41,-638233328.2899996,7064587436.950001,1206.9,-1.5,11.44,12.94,5912583609.65,9657920403.18,3745336793.5300007,66.67,1.0
2020疫情,R,文体娱乐,2019,2020,201933570318.77002,171977546469.36,-14.83,-1882507137.6800003,-9504527000.45,-404.89,-0.68,-3.55,-2.87,32021675973.11,27394745562.15,-4626930410.959999,26.32,1.0
2020疫情,S,综合,2019,2020,65527450508.799995,41860973062.7,-36.12,4284235390.0999994,1072003048.3100001,-74.98,4.26,1.91,-2.35,8007238163.9,4047450599.56,-3959787564.3399997,31.25,3.0
