Indcd,Indnme,样本数,M_Score均值,M_Score中位数,M_Score标准差,综合评分均值,综合评分中位数,M_Score超阈值比,极高风险数,高风险数,中等风险数,关注数,重述率,平均营业收入_亿,平均总资产_亿,风险指数
C43,金属制品、机械和设备修理业,1,-0.5575035294556681,-0.5575035294556681,,28.820698011576404,28.820698011576404,100.0,0,0,0,1,0.0,17.8468668653,25.7411680815,30.07205174502894
J68,保险业,3,-3.4176416189737484,-3.272810455772716,1.8852760877262562,32.17394911461109,29.325031645689204,33.33333333333333,0,0,1,1,66.66666666666666,5.252660048833333,1455.1581713663998,20.080434872786526
O81,其他服务业,10,-1.48429354624264,-1.428786526972376,0.8069022787960859,25.79291243748304,28.209334991170657,60.0,0,0,0,6,10.0,28.23333826448,50.0843171211,19.564482281093706
L71,租赁业,37,-1.891893998489858,-2.184719771542512,1.5021282772317293,18.82542900591593,15.260746114167077,32.432432432432435,1,2,3,6,35.13513513513514,74.3752813955054,611.7805993966892,17.479496004947222
C42,废弃资源综合利用业,52,-1.548999220662378,-2.0072933939857065,2.571418687120531,19.80292818395626,13.96658235070067,38.46153846153847,1,3,2,13,15.384615384615385,41.249985669875,82.09588265319616,16.203353474306045
K70,房地产业,1717,-1.084465246201242,-1.9749420951336767,2.949361136453411,23.449059914296182,21.655992769338656,41.817122888759464,3,40,251,417,14.85148514851485,116.12429595920443,544.4395759399962,15.582792713850969
J67,资本市场服务,67,-1.27056908524984,-2.146391837132246,2.928071993573253,22.459909104731544,18.82328574788453,38.80597014925373,0,2,7,17,17.91044776119403,10.892284575370152,904.8148633329088,15.280030369776753
N77,生态保护和环境治理业,324,-1.9358202135785145,-2.1181161057952185,1.2978021503877184,14.978193034779766,14.203548110861618,32.098765432098766,0,2,13,58,27.160493827160494,28.73384930554229,99.59881974654968,13.92633437147584
J69,其他金融业,90,-1.4906749790982836,-2.442577125509934,3.070855208861907,19.260533148602686,15.419558272031567,31.11111111111111,0,0,11,18,26.666666666666668,31.021321413456665,560.1786344890933,13.38148466620484
A05,农、林、牧、渔服务业,17,-2.0198013909481993,-2.2321385523263704,0.8261139793591925,16.15071018729033,12.955100125095504,29.411764705882355,0,0,1,4,29.411764705882355,15.40647913585294,24.38008171787059,13.275670893115285
I64,互联网和相关服务,489,-2.141605353595638,-2.342825845659452,1.9197284422166956,18.266714207976747,16.0,30.67484662576687,1,4,40,100,24.74437627811861,38.72720330923456,52.43031720649694,13.266525681225463
B08,黑色金属矿采选业,66,-1.5730529106240103,-2.284328237775268,2.929332725866768,18.201673247668317,14.170427846747158,33.33333333333333,0,0,4,14,21.21212121212121,27.858613863274247,70.54521321221969,13.22732236493735
P82,教育,52,-1.4847669157301218,-2.4584383215489902,3.182793924177147,20.010389038388965,16.736084593446527,25.0,0,1,5,9,32.69230769230769,15.965322449251921,32.89310943518463,13.030795203365201
R86,广播、电视、电影和影视录音制作业,210,-2.1441012760220044,-2.4239892623112786,2.4053208805056223,20.27037375104537,16.773004839762642,29.04761904761905,0,5,20,46,21.904761904761905,20.509838171943812,66.66377597426953,12.764961648663327
E49,建筑安装业,13,-1.2092823084309676,-2.051659418688513,2.9870688517832242,17.949168942929955,16.695624125598258,38.46153846153847,0,0,1,4,7.6923076923076925,95.03500368683076,97.24844249813846,12.737180614665018
B09,有色金属矿采选业,250,-1.6154055756500114,-2.3660308602150026,2.654062142611315,15.759258296465488,11.158327378172018,30.8,0,2,13,45,21.2,182.8346999701548,214.89470631648678,12.699398145741164
A02,林业,55,-1.4126342103226472,-2.14642187793464,3.035311741111235,22.089955810361698,20.12125771266349,34.54545454545455,0,0,3,20,14.545454545454545,5.1520571042327274,20.454246746247275,12.60067943498045
F51,批发业,903,-1.6412024232614641,-2.202378830491033,2.368940498226536,16.727998091633328,12.364064154689665,30.89700996677741,0,7,74,177,19.601328903654487,291.6059787176221,161.24197218821772,12.483680460345365
S90,综合,320,-1.6158963270502338,-2.3079314987109583,2.439616831497093,19.23166822291217,16.67089694528682,29.6875,0,3,33,60,20.9375,20.474686791564373,65.8993019624975,12.37620417055728
M73,研究和试验发展,61,-2.1193006218916164,-2.1772225637282543,0.9763930271876463,13.953901014577651,14.0,32.78688524590164,0,0,1,12,14.754098360655737,28.666205969626237,73.0491605403082,12.084065080405296
I65,软件和信息技术服务业,2127,-1.9602034038908562,-2.161748256180559,1.4063609351152224,14.302364854239672,10.943270492099105,28.960977903149974,0,5,87,365,21.48566055477198,17.529592614284155,34.351548325555946,12.017420228073538
C41,其他制造业,238,-1.884500924085139,-2.21348530477871,1.6372602433145862,14.549472645595108,10.0,31.512605042016805,0,3,12,45,14.285714285714285,63.8811678372168,47.492588155505885,12.011163597580373
C32,有色金属冶炼及压延加工业,786,-1.900192023125877,-2.2268864453933706,1.9117708275014798,14.293811464432048,10.0,27.353689567430024,1,5,34,126,20.99236641221374,172.1876157346874,151.90409094676528,11.619703994309935
L72,商务服务业,498,-1.8087164592726543,-2.23436981289413,2.3035622123759985,16.185106411166327,11.672625089050303,29.116465863453815,0,3,36,84,17.46987951807229,106.93998494734055,100.17194310767911,11.57660734434117
M74,专业技术服务业,388,-2.075222183448177,-2.1966491820138,0.9186556514999636,12.118811889901993,10.0,26.03092783505155,0,0,9,60,23.195876288659793,15.804471884764947,31.288371612860576,11.318956823539189
C25,石油加工、炼焦及核燃料加工业,209,-2.100618302849984,-2.399348472864539,1.919387652255233,13.87294611956486,10.0,24.401913875598087,0,2,10,29,22.966507177033492,125.25241597640289,106.14874441722965,11.087313944246281
C28,化学纤维制造业,314,-1.8607824624583296,-2.27558565544322,2.204041295603718,13.490767645460208,10.0,28.02547770700637,0,0,11,48,16.878980891719745,139.02895635412898,172.5579465939892,10.973217364973523
A01,农业,195,-2.1865362196893625,-2.4400556592004405,1.6482106290333796,14.885579475651062,12.901203874052618,23.589743589743588,0,2,9,26,23.076923076923077,22.824460376681028,44.08338110689589,10.883367794842972
R88,体育,7,-2.508389205936821,-2.444461643082596,0.9108449503828372,16.588750238851357,17.186383416983208,28.57142857142857,0,0,0,1,14.285714285714285,6.4300481913,24.126212077242855,10.755757589882842
G59,仓储业,98,-2.050138857525254,-2.2504428332033206,1.2350132517798829,13.639793211377945,11.746586588425123,23.46938775510204,0,0,5,14,24.489795918367346,59.51136018061939,48.62900088503979,10.748385197314159
E48,土木工程建筑业,662,-1.9420524246788329,-2.1873977872610038,1.3730292216362054,14.45607257601584,10.504049545012844,21.90332326283988,0,4,29,105,26.283987915407852,826.7047529339167,1221.4356799111317,10.731004229778407
E50,建筑装饰和其他建筑业,290,-2.0304008549351615,-2.213497399837286,1.6439538074649032,14.984616329596466,11.016596743163529,24.137931034482758,0,3,14,46,19.655172413793103,62.07469092326173,92.93344324884,10.53746154082399
A03,畜牧业,161,-2.110125250179924,-2.400504039382451,2.1642623561298695,13.917156643830808,11.693604753961756,27.32919254658385,0,0,5,26,13.043478260869565,74.2934568527416,110.03166979491739,10.190072394715166
G54,道路运输业,385,-2.0560285539217587,-2.386137693348761,1.5722214318271839,11.734795375495487,10.0,20.77922077922078,0,2,7,45,24.935064935064936,33.371999513941816,158.3135089489574,10.159207118308867
C35,专用设备制造业,2421,-2.0203561834414594,-2.211348383102519,1.280594871368357,12.675318036905258,10.0,24.53531598513011,0,8,73,351,17.348203221809168,32.0063869334765,66.20643161595832,10.09364616374158
C31,黑色金属冶炼及压延加工业,429,-2.061128899650077,-2.4594465067261915,2.1568883511157955,11.83064040326144,10.0,20.04662004662005,1,0,15,46,25.407925407925408,452.68942303282364,515.8437843078736,9.924681496113049
N78,公共设施管理业,223,-1.9765316605504069,-2.41733811691354,1.9192676308447718,12.478244661680069,10.0,24.2152466367713,0,0,9,27,17.040358744394617,17.53564333892601,62.589682986627814,9.851823414344782
B11,开采辅助活动,152,-2.2145111304060343,-2.4112566536810376,1.687356477708045,13.860141520182095,10.274690766367765,19.736842105263158,0,1,7,19,23.026315789473685,104.65793154652565,173.95644298995262,9.607018774853087
C26,化学原料及化学制品制造业,2749,-2.0204737183634918,-2.285877391304147,1.6728284886918714,11.381125331511244,10.0,22.626409603492178,0,8,73,293,18.006547835576573,45.76010057214653,68.90538053273345,9.60466234406723
C39,计算机、通信和其他电子设备制造业,3875,-2.0874507936370366,-2.234544081354644,1.3693773180050612,11.69632774366634,10.0,22.116129032258065,0,9,95,472,18.81290322580645,58.67097123523608,89.00834801428728,9.555692432262392
R87,文化艺术业,59,-2.390959851233119,-2.2825301036991057,1.0918994651271503,14.879670055093827,10.0,20.33898305084746,0,1,1,10,18.64406779661017,19.79370999034915,50.574294883096606,9.443978836154685
I63,电信、广播电视和卫星传输服务,185,-2.1471579760364468,-2.390290918415609,1.4445468817776594,11.056651694555853,9.538054749447966,18.37837837837838,0,0,7,20,25.945945945945947,297.6619722387827,628.9770400735827,9.433047034641795
C38,电气机械及器材制造业,2582,-2.1486473377050133,-2.2524379045056246,1.0734759105983922,11.397603318327361,10.0,22.075910147172735,1,7,56,320,17.389620449264136,68.24459575377227,94.6671922092454,9.352661320456935
C13,农副食品加工业,571,-2.109328237259446,-2.334486186044236,1.5669270573851841,13.087977225001298,10.0,20.31523642732049,0,1,31,65,20.665499124343256,95.9303183339254,79.24671993151365,9.279655144463554
C24,文教、工美、体育和娱乐用品制造业,156,-2.1910693153843797,-2.3038541242093356,1.304296127571224,11.67508066811427,10.0,21.153846153846153,0,2,0,20,16.666666666666664,17.899881275394232,25.26863997264807,9.259956932439515
E47,房屋建筑业,31,-2.0781915294464137,-2.298721110202941,0.634653311252121,15.667700881342924,11.794055467739351,25.806451612903224,0,0,2,3,9.67741935483871,453.2819173283032,526.7525588851936,9.23271763930013
C40,仪器仪表制造业,589,-2.0322603963670733,-2.180900860653276,1.1566168812727329,10.48468954149252,8.397719287261964,22.410865874363328,0,2,8,62,15.789473684210526,8.67716574176944,21.057942180699662,9.219760110950505
C37,铁路、船舶、航空航天和其它运输设备制造业,616,-2.1120645294114495,-2.3152035342639925,1.2781514664730167,12.51654467252922,10.0,22.07792207792208,0,3,12,77,16.071428571428573,100.84704844702614,200.44764119088524,9.211486166876128
C30,非金属矿物制品业,1124,-2.06296267945296,-2.3381264991956208,1.5881677962657725,11.538902216788417,8.623611465279808,21.797153024911033,0,3,32,159,16.814946619217082,58.50945267817082,115.9693095145105,9.170306330275068
A04,渔业,115,-2.046989152260379,-2.3179909279409747,2.145668774319736,12.280361914876393,10.0,20.0,0,0,2,13,20.869565217391305,13.447852509986086,26.357437883540868,9.161135687395888
C18,纺织服装、服饰业,408,-2.2942735721818517,-2.429470625028304,1.3021043531007388,11.177196191540222,10.0,17.15686274509804,0,3,15,32,24.264705882352942,35.7583651787924,61.97972800465122,9.03529593165532
C21,家具制造业,187,-2.133871558294012,-2.286005210012977,1.2715922948671843,8.790505508751508,6.874667469602138,20.855614973262032,0,0,2,11,16.577540106951872,34.763545713487694,47.34905845535134,8.765291771793269
C15,酒、饮料和精制茶制造业,513,-2.0862899586017427,-2.4487872134829147,1.848335042564584,11.533252717389395,8.0,19.883040935672515,0,3,17,50,16.17933723196881,53.89564777963976,97.8779115293269,8.596084593781777
F52,零售业,1165,-1.9934894037985622,-2.3495814865598814,1.769184545545553,11.847935525164575,8.777094160047913,20.772532188841204,0,5,46,142,14.506437768240342,136.35053901222457,125.35606947122112,8.566100525508192
C33,金属制品业,731,-2.117940797879916,-2.278990694051364,1.1047173675410065,10.085725024259236,7.584420029622489,21.203830369357046,0,0,19,68,14.500683994528044,53.3122162135357,69.3677790922015,8.561466022546968
Q83,卫生,92,-2.215133192977746,-2.3132301377623037,1.162699726834857,12.628590338181983,10.0,17.391304347826086,0,0,4,11,21.73913043478261,35.894447368282606,63.10067887378587,8.509832345410672
C27,医药制造业,2486,-2.1263736210244026,-2.3220016297334634,1.3089665758148643,9.953667019478967,8.0,18.704746580852778,0,2,54,225,18.704746580852778,30.910215923220836,56.05806389118089,8.466155285810967
B06,煤炭开采和洗选业,341,-2.2879149815585382,-2.4702691574722326,1.178361968398723,9.679416783542653,8.0,17.008797653958943,0,1,7,21,20.821114369501466,317.36768864639356,626.3880199445431,8.337981533161201
G60,邮政业,29,-2.34258143913425,-2.4826140811111035,0.8905101590545288,7.179926285961826,8.0,13.793103448275861,0,0,0,1,27.586206896551722,540.8466726415622,420.2347648158759,8.29381188468042
C20,木材加工及木、竹、藤、棕、草制品业,102,-2.141130610043495,-2.3910946883101927,1.4788665730117616,10.75907042925909,9.368723135248429,19.607843137254903,0,0,0,13,15.686274509803921,23.213816780111767,36.63846862054706,8.262191793720206
G58,装卸搬运和运输代理业,141,-2.12817337429677,-2.375592460620877,1.2366832696570043,9.228147775120851,5.128750909853276,21.27659574468085,0,1,1,11,9.929078014184398,66.09566874646099,98.2581910049397,8.108176752416526
C29,橡胶和塑料制品业,899,-2.1595896592836157,-2.280038011170692,1.2043063520901973,9.144440383721351,5.483667454120567,18.46496106785317,0,1,19,74,16.129032258064516,29.279070637556845,41.27713769288398,8.015074671593341
C34,通用设备制造业,1617,-2.16401655573162,-2.278992522480509,1.1527671540227369,10.472783723190336,8.84568554560034,17.934446505875076,0,3,34,153,15.893630179344465,35.169549502799384,75.0024223947266,7.8462190650593655
C36,汽车制造业,1412,-2.2003422751484867,-2.32579518471013,1.1207322583431714,9.00017931964367,6.0,17.06798866855524,0,2,27,94,16.78470254957507,168.01146609274815,193.0445212060661,7.703095349148967
J66,货币金融服务,2,-4.191509367745375,-4.191509367745375,1.66827271135018,18.752254375523236,18.752254375523236,0.0,0,0,0,0,50.0,1.18675783515,17.4694964654,7.546880635938808
C17,纺织业,565,-2.078897262294376,-2.3495796068220125,1.7540667839235118,10.391666306223053,8.0,17.168141592920357,0,5,16,43,13.982300884955754,25.617730572781596,40.35829435367858,7.5392535020487434
M75,科技推广和应用服务业,14,-2.1513752402833677,-2.354359813035942,1.5379236577947581,10.952006789255929,4.56313929443796,14.285714285714285,0,0,1,2,21.428571428571427,59.70525224424286,82.66268162003573,7.52738001697314
D46,水的生产和供应业,177,-2.1597078473051896,-2.3435669501753877,1.2118280201606053,8.119609352021822,4.943021025161151,16.94915254237288,0,0,2,10,15.819209039548024,26.03301287510622,132.7222426031113,7.477926142024122
H61,住宿业,115,-1.9641662538341031,-2.465479731922065,2.20290348545871,12.453051392458262,9.005916316310469,17.391304347826086,0,1,6,8,13.043478260869565,27.654495680662603,90.28955580814696,7.465915237176797
G55,水上运输业,389,-2.172712542138721,-2.449306377362157,1.9197561222023836,9.296010856883209,6.348947562748474,15.167095115681233,1,1,12,20,18.251928020565554,116.30695014574448,342.52644929598665,7.4653994101756265
C14,食品制造业,500,-2.1715776737036645,-2.424205374977897,1.4339825450871886,8.548877133431798,6.016772929431293,17.0,0,1,7,34,15.2,51.9860165899364,57.409446469792805,7.461372192833579
D45,燃气生产和供应业,219,-2.258776398359185,-2.450816162767617,1.3579676599178079,9.973176617287319,8.0,14.61187214611872,0,1,4,16,19.17808219178082,68.14773360811186,127.20278359156711,7.42219321551582
C19,皮革、毛皮、羽毛及其制品和制鞋业,103,-2.3429299689966863,-2.4716833100721973,0.9996698700528448,11.001705813054071,8.540543903954228,12.62135922330097,0,0,4,11,22.330097087378643,17.173549086958253,29.01880526469417,7.163426594629723
D44,电力、热力生产和供应业,903,-2.261754513770255,-2.5077831762258467,1.6716966227348413,8.820036133808498,6.0,14.728682170542637,0,1,20,61,17.829457364341085,137.55756236982856,462.48994833556776,7.148295937510602
C22,造纸及纸制品业,383,-2.2128664640832376,-2.384291178154862,1.3415606786875143,8.824388875948634,6.0,15.143603133159269,0,1,7,24,15.143603133159269,55.362574782816445,110.40123035711149,6.915011363834781
R85,新闻和出版业,231,-2.3454667135246536,-2.39826759840491,0.702614422853618,7.760402781643736,3.002897589677642,12.121212121212121,0,1,3,9,16.017316017316016,46.595187928383986,83.83110858683247,6.188232175785277
C23,印刷和记录媒介复制业,129,-2.4040482282914453,-2.434599452861917,0.6062077395138717,7.606660325108102,5.078477212123042,11.627906976744185,0,0,1,4,17.829457364341085,12.659359971074416,25.708906496993027,6.1818073484871885
B07,石油和天然气开采业,66,-2.4905177732703665,-2.646895567178571,0.5903414261603078,6.904537847345982,3.2889948702660057,13.636363636363635,0,0,0,5,13.636363636363635,9362.510707232732,7762.445755732426,6.153624980982
H62,餐饮业,43,-2.423060905388742,-2.3890934944305293,1.3788272230165242,8.780855017939082,5.754652330356247,11.627906976744185,0,0,1,2,13.953488372093023,10.026797846388371,13.471903162053488,5.603347486382056
G53,铁路运输业,50,-2.3089077837150302,-2.295655936147476,0.57624147251796,5.813628442124286,1.8993019144031758,12.0,0,0,0,3,12.0,241.600568288094,645.68648755471,5.41453407110531
None,None,10373,-2.33359824368007,-2.4399270461108524,1.1621679616790144,8.032101087170219,5.322364300530529,13.303769401330376,0,13,119,640,7.085703268099874,122.66479396998486,208.58585348811405,5.111664172509693
O79,居民服务业,6,-2.9742786646649058,-2.9783903882896627,1.6007763661253906,8.302636187770764,7.0,16.666666666666664,0,0,0,0,0.0,16.9543209751,30.380642264699997,5.020756590469426
G56,航空运输业,162,-2.5865083507815942,-2.564565109113016,1.1051231341173966,6.557015869697137,1.376978270076121,4.938271604938271,0,0,3,1,17.28395061728395,335.7888099716536,849.4751308990907,4.090466613748316
O80,机动车、电子产品和日用产品修理业,5,-3.013565660751937,-3.1961596287511864,0.6153616792277421,8.307292027283015,6.0,0.0,0,0,0,0,20.0,4.15508822416,3.0480104238600005,3.0207682300682075
B10,非金属矿采选业,5,-2.3063166878322816,-2.3706346602221826,0.3225484686189619,1.791276595777824,0.0,0.0,0,0,0,0,0.0,8.73833506964,21.122901787400004,0.00447819148944456
